date,EU_Banks,US_Tech,Global_Industrials,EM_Consumer
2020-01-01,-0.002304403671014703,0.005934719398705551,0.008473081697617499,0.03038112226005773
2020-01-02,0.003238796178518955,-0.0008829033881739895,-0.016075246811393648,0.02787911593498286
2020-01-03,-0.0114991636281785,-0.02245253173743015,-0.026373075920183824,-0.03412034307271476
2020-01-06,-0.001962466213046586,-0.006620400459065243,0.012348710822758326,-0.014848144627154721
2020-01-07,0.0023289878571650024,0.008516908332363706,0.0025574752658278567,-0.009089131369034633
2020-01-08,0.0031280155442877317,-0.0028901504435493936,0.01701765890202817,0.00819633205695271
2020-01-09,6.466719542162812e-05,-0.003050044250266856,-0.014295226047569241,0.011622264195769812
2020-01-10,0.0025807271539708644,-0.006466445902176108,-0.004487150661644901,-0.01812573756730913
2020-01-13,0.009518546123328543,0.0032221615451750877,-0.0032779664168174454,0.01327559186470766
2020-01-14,0.011658081377468297,0.013788116290206254,0.0059029565402001095,0.013615132555937551
2020-01-15,-0.0018937032170608938,-0.0012342119916705857,-0.008695107923377488,-0.01269868891783725
2020-01-16,0.000674898253610904,0.002386567329744785,-0.004727837679882578,0.013853038749177211
2020-01-17,0.001817019404239837,0.010427596423933344,-0.00624177974327908,-0.004703926069277113
2020-01-20,0.0006329046202984689,-0.012718286561627724,-0.004386377029828555,-0.016693200834997146
2020-01-21,-0.006080904466381087,-0.01139883545891454,-0.00026808521433831223,-0.0037381032846660837
2020-01-22,-0.014655131214231986,-0.004945378885770565,-0.04229681652116621,-0.05817984315408729
2020-01-23,-0.013386362587233238,-0.0161841689390655,-0.00792682011398169,-0.02696531547162515
2020-01-24,0.01022480268694877,0.01679205087549757,0.03331842395983413,0.017145437447724232
2020-01-27,0.015227510571242405,0.014574432267652966,0.03883050231155697,0.0010645815723096773
2020-01-28,0.006518922115365568,0.015378020827924766,0.02506346903932509,0.030222276154196363
2020-01-29,0.002444802955293299,0.00843445504965103,0.008541011184451558,0.008596832990986122
2020-01-30,0.007036823839633552,0.0029909926803826856,0.0034057181081828987,0.010710441468782405
2020-01-31,0.009781303772896387,0.013936854485783301,0.007006007260859793,0.018791467695356806
2020-02-03,0.003361245661075524,0.0018642790009244332,0.006740145351174341,0.017189293259996123
2020-02-04,0.014829908102813025,0.009373812883699043,-0.006390657607592096,0.03259167407573697
2020-02-05,0.0004999664735351706,-0.005915993312315503,0.0026070274903170062,-0.00689218232591113
2020-02-06,-0.004213240401709239,-0.003552837141562284,-0.01500191574140433,0.006748851676219535
2020-02-07,0.004894327212736266,0.009445987105472932,-0.004438128740586732,0.004826149363622972
2020-02-10,0.01794572761011571,0.023411790799502355,0.04168503077549763,0.024136850518475465
2020-02-11,0.0069823928455080035,0.011023814311256722,0.014244860497591548,0.01288699879951434
2020-02-12,0.003164142817325808,-0.0007556621633777608,-0.004901003351896129,-0.006296349211877156
2020-02-13,0.0010660819394861987,-0.0003139201114957333,0.010839445381129504,0.012904274856539279
2020-02-14,0.011502028403167818,-0.0011182460188706705,0.03130335454856414,0.00986521765824774
2020-02-17,0.0027303812062764317,0.0006418397987323892,-0.004571740921680636,0.007211878009812234
2020-02-18,-0.00341231923467692,0.013717691753665214,-0.01508772706422149,-0.00816054419732673
2020-02-19,0.008165986626592538,-0.002880369410179398,0.005052080091127504,0.005210424850026949
2020-02-20,0.02275229695595248,0.019601100398694185,0.038763968565972876,0.03615704375709596
2020-02-21,-0.0030171850263850195,0.0009761185977553614,0.014715842904348499,0.02480904718295418
2020-02-24,0.003229634089964485,0.007181782817929943,6.588925683094016e-05,-0.0044536995231214465
2020-02-25,0.0017359776593383002,0.00972006304704305,-0.016792386311923216,0.013782830479267745
2020-02-26,0.0008329050621020591,0.004039966609655127,-0.005837273557650596,-0.009384547243125927
2020-02-27,-0.006733768401227146,-0.008239325820165086,-0.01565266106149147,0.013702351372195285
2020-02-28,0.0015985999946714806,0.0014672139404196876,0.021142607877766107,0.019014940379706972
2020-03-02,0.007455473455695555,-0.001174999026586603,0.001555509551972827,0.0014141587316083308
2020-03-03,-0.009220068643687062,0.003907437370708131,0.012232858330683195,-0.008363056091326806
2020-03-04,0.0027663857157194855,0.0019159190918940619,-0.008827725488962077,0.0008973354817193308
2020-03-05,0.00678529949656575,-0.004445740268662917,0.019790464341613516,-0.018525001616028578
2020-03-06,0.007939647401030729,0.006625474869068558,0.016611668182818343,0.015758503226464046
2020-03-09,-0.0031944677647841356,-0.0023991112824173775,-0.007869206518775271,-0.00993918825690464
2020-03-10,-0.0005320184480860695,-0.008187289662269039,-0.004690108687857402,-0.03230326264056468
2020-03-11,-0.009335833000508997,-0.01618062442060148,-0.004205828884484944,-0.023711302090286688
2020-03-12,-0.0058536522655927205,-0.00566467501721813,-0.0019727254708696573,-0.01724771320622647
2020-03-13,8.749985150795095e-05,0.007744597494828776,-0.0020526161972554855,-0.011982192434829467
2020-03-16,-0.002341774910696753,0.018070043411346815,0.005852081808987819,-0.0047255547181765944
2020-03-17,-0.008750281470079377,-0.018739641005423503,-0.00505482015586192,-0.017097973910962815
2020-03-18,0.009311373315080846,0.010068882876980123,0.002985642823720677,0.036437209774030956
2020-03-19,0.004065502322101999,0.013912816508912523,0.004876166159452532,0.012546588972489805
2020-03-20,0.017109179335604692,0.02727611785802186,0.02664112675310234,0.022437747302068684
2020-03-23,-0.009446646552615618,-0.009707221847572882,-0.004508553929787508,-0.003504911951292362
2020-03-24,3.897125347988516e-05,0.00016275881397914802,-0.019864852062807803,0.0073023495043654475
2020-03-25,-0.004828869905986143,-0.008781112037450873,0.0010419510358450727,-0.006452795274962441
2020-03-26,0.0011835019045965244,-0.005153123347779962,0.0007600745788753291,-0.012389482330712973
2020-03-27,0.018136841906827315,0.010192548599509767,0.02517717793248039,0.029860187732048522
2020-03-30,0.0055473706275356765,0.007474940324830237,-0.001493329259030677,0.03938007594526142
2020-03-31,0.003881829928904773,0.000895121853044597,0.01282470842631189,0.020993870741535706
2020-04-01,-0.004526584105593686,0.0060381347583653485,-0.004048740984148933,-0.005512823417660338
2020-04-02,0.00394329535889113,0.01415996047653652,0.008567420561698407,0.014116115856288575
2020-04-03,-0.003538208906502801,0.004297117085752133,-0.00513376567534604,-0.002756147636762828
2020-04-06,-0.006851060568670038,-0.016000528988986334,-0.0008658789697957884,-0.02285717164301744
2020-04-07,0.004780395014348794,0.0020963074282823635,-0.0018186657239994469,0.006185936983473824
2020-04-08,-0.0200574676732158,-0.0064740076257613225,-0.001468133429729266,-0.02854057168439133
2020-04-09,-0.0048953708048820686,-0.006526366111846345,-0.00869076520570867,-0.008848482873552912
2020-04-10,-0.004228528499820096,-0.0033011876438861065,-0.0018025369703264268,-0.02062113066941734
2020-04-13,0.011879732394327096,0.005019485296655243,-5.951284719505484e-05,0.00667384305428011
2020-04-14,0.003331712811829925,0.008165306150588345,0.008285030695091136,0.021849432597113156
2020-04-15,0.0013199873279594208,0.015203925908777144,-0.0007187398644276123,0.012454535217375062
2020-04-16,0.0015812577494619165,0.01677751413582451,-0.023615129227676102,-0.003019549430200468
2020-04-17,0.016887806309831183,0.009804530619450146,0.015077708085934852,0.0019024864374237484
2020-04-20,-0.006927944557340357,-0.01310182450429481,-0.02096463155127873,-0.0026096980401849497
2020-04-21,-0.0007697000867351173,0.00508465706367286,0.008494839819400935,0.0020847239519987256
2020-04-22,-0.008807994086615421,0.0002792695358636697,0.01841551051496117,0.013951597474534803
2020-04-23,-0.007421449841688262,-0.011109524774066118,-0.00853993868827963,-0.006975349188083777
2020-04-24,0.007121529398607647,0.003443729379004243,-0.0037510478553015036,-0.021068852107743723
2020-04-27,0.0016163052009634388,0.00374928445106158,-0.011020366242310484,0.010486102116916874
2020-04-28,-0.008105465077429801,-1.5667581154813967e-05,-0.0034451638241441655,-0.017301789219290115
2020-04-29,-0.007216973208692535,0.0031448168437282864,-0.008608039404136713,0.008717009332672198
2020-04-30,-0.024037562192791344,-0.028489974283446604,-0.022954760199618993,-0.06474786630222801
2020-05-01,-0.020318053192440597,-0.02634979267520158,-0.02699830594715864,-0.013524897511113639
2020-05-04,-0.010369982707762156,-0.006147042116616602,-0.0043794760575180955,-0.005753928038109726
2020-05-05,0.010455125036599941,0.012469185440546898,0.012211217445502014,0.013594820819304194
2020-05-06,-0.0009711718465382788,-0.00807338210702508,0.005181898451337517,0.009275991027177978
2020-05-07,-0.009456979238887787,-0.015930818922000472,0.0011380673674853264,-0.013522350514439254
2020-05-08,-0.007221979411234035,-0.010870083309210559,-0.014444795611029798,-0.028093964573829434
2020-05-11,-0.0010195294519596675,0.004691678047250511,-0.0012079910834667325,-0.0224077640326226
2020-05-12,0.0016669031331292086,-0.0009327022973605334,-0.013625933096015942,0.007575543430511025
2020-05-13,0.005568269671740139,0.002049224260744115,0.016258401175269464,-0.004068637430809968
2020-05-14,-0.0031838087897850358,0.0010244322838849006,0.006130480044576975,-0.0036063291623542265
2020-05-15,-0.010617696686107944,-0.016180996033294467,-0.01646191667239807,-0.0271589787447806
2020-05-18,0.0007375682783424737,0.0022983106886994772,0.0014039306619831977,0.004135243298412215
2020-05-19,-0.0025705268004417078,0.0017059401380575805,0.0013281315782015446,-0.006053322596086446
2020-05-20,0.010268005024096341,0.014100159746911253,0.0071391768901762,-0.0015522951556384695
2020-05-21,0.008426001763277638,0.02111717753693578,0.025171441207304662,0.030447927573834743
2020-05-22,0.027864128097048458,0.0388682181272992,0.05764087475623682,0.04353698778539925
2020-05-25,0.005651096479910965,-0.004811061599828385,0.012896037958243883,0.011573118993651037
2020-05-26,0.006971931669523398,0.013583603733440275,0.025543499705171682,0.02613325684335988
2020-05-27,-0.011707741507163087,0.009970684150320649,0.0002696425639974057,-0.02100597785879061
2020-05-28,0.008906042235302567,-0.002990567881590696,0.015877309378502798,0.021081176291839775
2020-05-29,0.0034188343351924,0.008474163204788176,0.012728952485658994,0.0006183571472349509
2020-06-01,0.002411680476712243,-0.00045852189007907244,0.005869925368732531,0.010879527871456811
2020-06-02,-0.00950432146852891,-0.016253810191304962,-0.022322867016022273,-0.028470596005269057
2020-06-03,0.0031622930245698106,-0.006553197512132517,0.006996616925256062,-0.002197101160657564
2020-06-04,0.004146825369270983,0.006356506913353727,0.008432640046069311,0.0042697269900362385
2020-06-05,0.006903204650384039,-0.0008883908145311029,0.007517795084241744,0.0038361677385861793
2020-06-08,-0.013985092858482075,-0.017880661623422334,0.00328032882340376,-0.008608218254496
2020-06-09,0.013500796040614143,0.009997711343611857,0.011924491874224607,0.01673700908095275
2020-06-10,-0.004861238496890859,-0.007850788678243402,-0.010214976506463237,-0.015913267735241616
2020-06-11,0.0022128363887309065,0.00022299403520777182,0.015152019934677501,-0.012189123099387758
2020-06-12,-0.010988629489933465,0.003119345877233683,-0.01936063921877028,-0.020949520073969212
2020-06-15,0.0036463626110933567,0.00318997103395222,0.005016918520973506,0.003907386342978464
2020-06-16,0.012437168866049552,0.00867798533769012,0.011132085417480486,0.017892070583743983
2020-06-17,-0.018730824650317113,-0.022984454322444253,-0.026503826855804727,-0.03382511110312181
2020-06-18,0.02883064813806882,0.043512734148961896,0.032471394610554476,0.040643166921388474
2020-06-19,0.0019208841809499793,0.005771980484143999,-0.007960505356888912,-0.01329061683841641
2020-06-22,-0.01801669796409318,-0.016252969452597476,-0.009895482948106916,-0.02806000840044709
2020-06-23,-0.0078048450329467585,-0.01658187875693378,-0.01870350963374564,-0.014142548460739559
2020-06-24,-0.00946223828437499,-0.004850700179484492,-0.016635918102537915,-0.012333713141126275
2020-06-25,0.016902767246805443,0.007267880249967373,0.01970448908391701,-0.01643303316560046
2020-06-26,-0.00028764936448133526,0.0041992084249303585,-0.006699763760149001,0.026129814313291533
2020-06-29,-0.00012219427075285108,-0.025242573023221943,0.014324976525572873,0.013236250357155574
2020-06-30,0.011962478174499674,0.02868973974058082,0.016736860191637403,0.013947414832985996
2020-07-01,-0.0006904263546824403,-0.00707669672811949,-0.00920742859466496,0.0048272248641116145
2020-07-02,-0.007853170737854635,-0.00720273507533864,-0.015444816347769282,-0.013886091717273964
2020-07-03,0.009165247476820678,0.0027306054070043856,-0.0006882844681140206,0.025624735300780903
2020-07-06,-0.014079201266230088,-0.015284588514946573,-0.018510303567938004,-0.03862131746642096
2020-07-07,-0.005088761794746261,0.004390677164652156,-0.0024174266612051764,-0.05155680389996753
2020-07-08,0.012017038013171558,0.015307541142717327,0.022996923893117305,0.012790024754509629
2020-07-09,-0.003839889741194743,-0.013030842798803385,-0.01795233092198659,-0.05775602083167944
2020-07-10,0.014382750165125389,0.011829505286706102,0.013375903206490042,0.02071122299059242
2020-07-13,-0.010186706347209244,0.00616553429636451,-0.021356745406559213,0.004963502344493751
2020-07-14,-0.0027741899915208978,-0.013429541361339687,-0.011281150484160066,-0.012664497995216583
2020-07-15,0.024287532954703442,0.023132310587178986,0.04893426911935856,0.01779065144977012
2020-07-16,-0.009412125550685164,-0.012070863212319928,-0.011490118004230566,-0.01591588134027086
2020-07-17,0.011933033646277152,-0.00026498452580150586,0.027995303524508307,-0.001966774301081116
2020-07-20,0.021057792328364827,0.027528385620808973,0.012186812145926929,0.04953672038056434
2020-07-21,-0.0001761141813758371,-0.0028692381557308567,0.005965409189775428,-0.01358257582349807
2020-07-22,0.0005839443948276422,0.011013230197769938,0.009782267731892898,0.04668374025660308
2020-07-23,0.009551835552721238,-0.01059315497411725,0.009164747156857778,-0.008820864231704409
2020-07-24,0.021699235219407618,0.029864764586872677,0.05827757061452574,0.04099652250960189
2020-07-27,0.005183223620800521,-0.026873541741289225,-0.023189670011687633,-0.018352529293786172
2020-07-28,-0.007971478954253302,-0.0068324371348624235,-0.013900519939042606,0.01111818162227935
2020-07-29,0.005326028711242058,0.0020262377355784464,0.0006189336593535623,-0.011419761235922355
2020-07-30,-0.007937731688601459,0.008323672364371263,-0.0018416925460135432,0.0028087485708635836
2020-07-31,0.0037735572465705833,0.0029823570371643555,0.003957726093552571,0.007402566972899266
2020-08-03,-0.003267285475337954,-0.015472241069448577,-0.0015555466889079599,-0.009362455166421306
2020-08-04,0.007187308811200931,0.014836279180613157,-0.01065246743936146,0.01362107005249269
2020-08-05,0.00907539080548002,0.025944502691870697,0.02768815668666088,0.028166217427627017
2020-08-06,0.0013792681399293202,-0.0014454653144825406,-0.010046679124031375,-0.029486795522365
2020-08-07,0.0013129684986068193,-0.001721034722329106,0.005928258548775902,0.009941962514475421
2020-08-10,0.01067931869361028,0.006020148598167377,0.008027484102697612,0.0011891548596374719
2020-08-11,-0.0067318885173728235,0.0019038050195067215,-0.0035858370078534103,0.005141444490582693
2020-08-12,-0.013415149449820658,-0.020164987233260715,-0.008953065519147022,-0.04754324740640546
2020-08-13,-0.0012559485016191392,-0.0045571956252568055,-0.02729885336457539,-0.011908003158943576
2020-08-14,-0.0042868640088761095,-0.018570078299863794,-0.004940301699596885,-0.036187002341798946
2020-08-17,-0.012302688577037637,-0.014160864917507995,-0.0038844077875207945,-0.04368390807574102
2020-08-18,0.0013573253716712822,0.005179300619979714,0.002803193925733832,0.012935496728546785
2020-08-19,0.0019396211279273435,-0.0031568392795357325,0.009350315191736961,0.021646106014656524
2020-08-20,-0.021031352383281014,-0.016383734270622424,-0.0309150298678629,-0.023665711557931728
2020-08-21,-0.005697019837278267,-0.015760937032942755,-0.0020226739433993977,-0.00959921416983485
2020-08-24,0.0006562185877706601,0.007072233747280765,0.00045896118817752166,0.002827993409258268
2020-08-25,0.0030648579492951952,0.00647203335225174,0.00785597407959489,0.027036477647036053
2020-08-26,-0.01586910295328116,-0.01411649482443971,-0.020211633363875506,-0.04818092211816925
2020-08-27,-0.018980677502490374,-0.011084874459035396,-0.025180572052860346,-0.04736498818374694
2020-08-28,-0.01963772014478175,-0.02232907174432557,-0.02939007487284816,-0.02047572959056465
2020-08-31,-0.004651385478654794,-0.00971504673424079,-0.017709726302253197,-0.014721447257529665
2020-09-01,0.02249388887535993,0.030728865485712863,0.03441751746379308,0.04857352360180606
2020-09-02,0.010280040985805816,-0.0011207278316332173,0.00500799644110222,0.013353344121649624
2020-09-03,-0.014351688295535223,-0.0017953677286012167,-0.005049531309096954,-0.020399690783084394
2020-09-04,0.0035805015903516953,0.014013570141588917,0.006071488614779677,-0.0015012727325445594
2020-09-07,0.0028300468075633527,-0.004534562692954513,0.013966101688342267,0.011854639902823746
2020-09-08,0.01671901177424045,0.015382468261309148,0.009781169588199077,0.025847342420079432
2020-09-09,-0.007313573397667521,0.003267532792151056,0.0049680069926442555,-9.702275356374352e-05
2020-09-10,0.0033941890534483227,0.013280233301647768,0.01999778381160676,0.018204910166147503
2020-09-11,-0.015229231863190636,-0.019472105563675048,-0.017601697827687432,-0.010569523609328908
2020-09-14,0.0027059788619737185,0.005551149599802071,-0.006971440985778599,-0.010363422885019433
2020-09-15,-0.004866246446604475,-0.019410719094546808,0.0086046803832171,-0.029547355007438096
2020-09-16,0.011319438744787982,-0.009935844295057075,0.016441819533732922,0.039819224646815254
2020-09-17,0.0007026557659470549,0.005654303834242393,0.018420687265028546,0.01160786112956393
2020-09-18,-0.0059909022452593295,0.015039819038224827,0.007905316868187979,0.02228313947377143
2020-09-21,0.021558207039118236,0.01655133320945911,0.0015265098322719394,-0.012858854185818318
2020-09-22,-0.00510696034372253,-0.022005307343081173,0.0005860640901724943,-0.015515098206241505
2020-09-23,-0.0021553171493198624,0.0136390091921918,0.0006608252831168705,-0.000384150318649714
2020-09-24,0.013981877892410947,0.027087440674229725,0.03213278856170201,0.033512114185944214
2020-09-25,0.021117527352777693,0.02381437751873107,0.01826669370230388,0.021811495855287213
2020-09-28,-0.004316051101520686,-0.010139726865571767,-0.0037602278131098335,-0.006871302241262916
2020-09-29,0.015899675914845066,0.010913289451417443,0.01849809905689349,0.02784578210101813
2020-09-30,0.003837423286504343,-0.00036374866501372746,-0.011956038373780368,0.008905313963865596
2020-10-01,-0.02499508522114406,-0.01593604909843638,-0.03900316808922456,-0.016773143098493034
2020-10-02,-0.0018374685002785704,-0.001717121715401981,-0.004888964592062041,0.009325056310436794
2020-10-05,0.004854111597108907,0.003937336833322635,-0.005508945042226601,0.01453698353592491
2020-10-06,0.004027593343190591,-6.608948261476355e-05,0.020118015599102573,-0.008644396144573026
2020-10-07,0.01406519924620891,0.010187375323785415,0.037997733947143494,0.07893525449091007
2020-10-08,0.015550244555785808,0.013451335081332502,0.029218545791118874,0.013937111211105076
2020-10-09,0.003116186013478411,0.017259891643196586,0.0027958770290992512,0.019303497031078008
2020-10-12,0.0017460461422820137,0.004325401645222365,0.003206371836148576,0.006285689494698079
2020-10-13,0.014553800626697963,0.023700975766196074,0.023531390396518484,0.036585085677961336
2020-10-14,0.004751899283947748,-0.0041162458827021485,-0.012580699370610963,0.003546865427161745
2020-10-15,-0.003249338102373872,0.006643723904445522,-0.004786410646292938,-0.0011200812437862336
2020-10-16,0.010037025148312784,0.0062969230660126635,0.009387697236233629,0.009609977555864527
2020-10-19,0.0010336046641854398,-0.01743545410021522,0.000881667553381706,-0.0013359813299291907
2020-10-20,0.01644866498119001,0.019980066068719004,0.015297114709897522,0.028633855594825362
2020-10-21,0.00240902198867616,0.004949494898487667,0.0020744290388159253,0.023305382778526368
2020-10-22,-0.0012797491362971317,0.004823979498201405,-0.006976185697607201,0.0019733557105895967
2020-10-23,0.00012039592507340517,-0.0051024495491479305,-0.008654481403073927,-0.008006165685616979
2020-10-26,-0.007919750115748414,-0.014239103032460083,0.005604124626313194,-0.0010174253649450158
2020-10-27,0.00755049771026301,0.007457860709149854,0.009069160830403687,0.01661465800156992
2020-10-28,-0.0038607635902614627,0.0020681442362385093,-0.0008206116477441532,0.002946476303647541
2020-10-29,0.0010760029606427502,0.008402056103981802,0.0034618146376964674,-0.0019680740377845123
2020-10-30,-0.008625294305755656,-0.005682295200974272,-0.009354801369427242,-0.007263701115300246
2020-11-02,0.0007718937097937993,0.004086148525716802,-0.011975184434292015,-0.012361852598750788
2020-11-03,0.0031657645166018465,-0.002486745199087504,-0.003334111828723418,0.0026401927400898388
2020-11-04,-0.002460829052285776,-0.005723364945604416,0.008417219602464486,-0.0008476599393613762
2020-11-05,-0.009882447234738122,-0.011135719624697716,-0.01238386820981691,-0.013311623177388925
2020-11-06,-0.007293280775230598,-0.006513589881709473,-0.010703363573520596,-0.002017240654963553
2020-11-09,0.008482527780586013,0.014291538007344657,0.026696744504320385,0.0009462478949630003
2020-11-10,-0.0015188686434807182,-0.0026460147659418546,0.006267313514345255,0.017323136073816057
2020-11-11,0.005170339463756568,-0.001486148387634399,-0.010842358881554808,0.008772565213357538
2020-11-12,0.006806024036188425,0.01735465402766757,0.006171464016598257,0.004226312608796007
2020-11-13,0.0058931004468700246,0.001265635994519951,0.0072670171683978605,0.0009091053941699054
2020-11-16,-0.007125344757407499,-0.01257618442708907,-0.007369254769924115,-0.0231057703920861
2020-11-17,0.007170778159946785,0.0137361018780248,0.006162677711769387,0.022437948205600432
2020-11-18,0.01915309065066213,0.020236132543458886,0.035369646290468196,0.045267716317325055
2020-11-19,-0.007751619257524735,-0.013641562119095906,-0.022943491172375957,-0.03026440798112008
2020-11-20,0.007588051140528679,0.008958962115260479,-0.0011107773243755658,0.015637459922089994
2020-11-23,0.009160948216119784,-0.0016801028314257218,0.0033087093440727754,-0.00915671647140694
2020-11-24,0.007076610243669931,0.010216566026093365,0.021192275481337605,0.021380502149955904
2020-11-25,0.01055516949298733,0.030803739465655372,-0.0240203276574256,0.0168444713765303
2020-11-26,0.0011929338828619946,0.010757878810667289,-0.005318850345494473,0.0075745634170500415
2020-11-27,-0.0030227881253578216,-0.0014514717678176378,-0.0016117421856326527,-0.03255301504203233
2020-11-30,0.010933021824451345,0.0023324623976404106,0.022126736058572644,0.019183801220790116
2020-12-01,-0.004327495072862364,0.004450191934749133,-0.008908555931757343,0.0219668051464385
2020-12-02,0.0006495102384885193,0.00881279068273302,0.0010353359740188786,-0.003864459004084786
2020-12-03,-0.02898351660899769,-0.039295002677505866,-0.038881740134008184,-0.035293368220277906
2020-12-04,-0.00035418776004769134,-0.005157992816446169,-0.015751293975480463,-0.008399851730982054
2020-12-07,-0.004836341214958524,-0.0028603148945342636,-0.015889490608330708,0.004256765045572426
2020-12-08,-0.008217190720210973,-0.01404578575625238,-0.0003179731125749815,-0.01780780777376418
2020-12-09,-0.003969741598871835,0.0025097661883741827,0.01693081486218176,0.02819495126708358
2020-12-10,-0.009422193991549366,-0.013454536158358716,-0.006173606328373004,-0.0028005043837677664
2020-12-11,0.0010849795388302276,0.008368927096142132,0.01593094847676198,0.0008976838623217845
2020-12-14,0.028002940159364192,0.03659921285640762,0.03918236027862973,0.042395077443075815
2020-12-15,-0.0015414345616926457,0.0019414258127032876,0.004596303922986877,-0.004381271713127464
2020-12-16,0.031469107989358716,0.04191915677351933,0.050050338321169785,0.06734183966951873
2020-12-17,0.01840653239861043,0.013123773742302081,0.021833926742366942,0.017647042164214463
2020-12-18,0.0013273879446008552,-0.011951061691334435,-0.020985149672882886,-0.02624379537954096
2020-12-21,0.014356193285002143,0.026579776459065747,0.010374280636663957,0.02170724844696793
2020-12-22,0.008726307273407615,0.020506313377388927,0.01681532438416235,0.02278335579960483
2020-12-23,-0.011987526672415951,-0.0023181337461359863,5.389284103293583e-05,-0.009934740659293236
2020-12-24,-0.0063828315726940175,0.0005868571711214186,0.0008893818046513795,-0.007142030187169238
2020-12-25,0.01332606598079095,-0.004119766555326847,-0.0025145029346187904,-0.00905228072029193
2020-12-28,0.005075936166104369,0.013436127957849514,0.013897471151055161,-0.008397645742710175
2020-12-29,0.0012832728176730658,0.010890465438023642,0.019185361769872858,0.011988218440943266
2020-12-30,-0.002740755538940065,0.004982821952393579,-0.020157842185635128,-0.023752501175904737
2020-12-31,0.0009225860620561603,0.0011508003396696143,0.010170437483399948,-0.0012888822137688686
2021-01-01,-0.000635775992784012,0.001932283542977218,-0.02133457320904256,-0.007065855486256616
2021-01-04,-0.006554022065180819,-0.007001006316660558,-0.023928822948500558,-0.02432548461399818
2021-01-05,0.0014090591936216615,0.0033831183963706083,-0.013544593721942007,-0.003943265909420875
2021-01-06,0.0005450098502472476,0.0045592019441035875,-0.01230614586945781,0.029973380800064106
2021-01-07,0.00267358721556069,-0.008792685318886282,0.017502504738348936,0.012084869942803889
2021-01-08,0.013617516523601481,0.014316442851761816,0.014271035373361756,0.022777282539383416
2021-01-11,-0.0005730713366274771,-0.0009103972066608959,-0.0005217897262828884,-0.01679561896139793
2021-01-12,0.015145799043056777,0.00990704491761503,0.018887556479112534,0.02962687460435145
2021-01-13,0.016670637566504765,0.023065192553623697,0.036786716920771574,0.04286390926471235
2021-01-14,-0.0019393506512919243,-0.015785108875405147,-0.010092627955351414,-0.03892536454042749
2021-01-15,0.0013837806646274239,0.0047039543505024446,-0.004972457434896034,0.0003141750776013744
2021-01-18,0.001558596247266275,-0.008801298031108965,-0.011937076016447654,0.0012590896828928331
2021-01-19,0.0055529188058881015,0.007442370236173726,0.011717646482551811,-0.0020259769996610975
2021-01-20,-0.005960773758912935,-0.0024393384339699473,-0.004136884069724131,-0.00036559361678473786
2021-01-21,-0.006339389667544737,-0.008184467777353602,0.008362066470248663,-0.01605359569334415
2021-01-22,-0.005374544016908256,-0.009533744868811792,0.007611146284824145,0.004001746828995699
2021-01-25,0.0035178318216638207,-0.007157000594206289,0.019057460052310446,-0.0077754086479600295
2021-01-26,-0.010507032390755686,0.0052054377484089375,-0.014381441657868704,-0.047688566655140804
2021-01-27,-0.0037568856258449494,-0.011101385285605272,-0.009318426829154482,-0.011019211039826195
2021-01-28,0.007145185951378898,-0.003276880116585036,-0.0038616491406353384,0.006921887475139832
2021-01-29,0.011674485787360599,0.008204294031498385,0.014117465731166514,0.015669267057723035
2021-02-01,0.007584203152957097,-0.0014303499364319268,0.021788128131047305,0.00521228194216763
2021-02-02,0.00532303024868843,0.018793834037981526,0.0324295932101881,0.013368805782995413
2021-02-03,-0.011920574661726954,-0.008325098046175976,-0.010340108787397238,0.0009371586684856041
2021-02-04,-0.0006451016423134996,-0.0016866150047486347,0.0011180369696584982,-0.004015328493283363
2021-02-05,-0.0018234958059730171,0.0034715675252006235,-0.004561608772140935,0.015309992281284998
2021-02-08,0.010276216176525885,0.011083558506061488,0.017390441916275697,0.001498418688656909
2021-02-09,0.013182603530074818,0.033981890867949706,0.0005051981791053574,0.023653301802485902
2021-02-10,-0.0016648311955793523,-0.0022118354907372474,-0.011302001054624745,-0.0020512356428480896
2021-02-11,0.006042725740540588,0.011199501239028893,0.008879964045289082,0.003579382946338989
2021-02-12,-0.00029793758481884544,-0.007343323511355982,-0.007725356933451845,0.012532035155793163
2021-02-15,-0.0010149953428072395,-0.0015895442426837364,1.0599496612234433e-06,0.010801037109768626
2021-02-16,0.0011488014031860358,0.005225861664986271,0.007248280437971049,0.0022561433368788525
2021-02-17,0.0022360698384070866,0.004499862454979999,-0.007698868879852857,-0.008399741264292675
2021-02-18,-0.005465371827689983,-0.010231620974953042,-0.013692997037298128,0.015241459674426387
2021-02-19,0.0023355983604571267,-0.0058510461458591715,0.00036481859225885246,0.01447838114175043
2021-02-22,0.0037911500374187995,-0.0013478584722907733,0.01408827110313484,0.0016008269657860196
2021-02-23,0.0035187441984667607,-0.0035628106125263088,-0.020985193721672978,-0.013221987859299162
2021-02-24,0.008972613421458046,-0.00397091130402662,0.0053410257497289206,0.004395484746967961
2021-02-25,0.0004106882108965721,-0.0021818428409089074,0.0021702551177046614,0.0058518471108547805
2021-02-26,-0.0033247677693221483,0.012772516430439133,-0.00683803473302249,-0.0007364740780802996
2021-03-01,-0.008524257363955179,0.0033222012665429426,-0.0019509652762088317,-0.010697953137955716
2021-03-02,0.002188308039738355,0.00162585472265886,-0.014929745988604757,-0.006311655172754093
2021-03-03,0.008516217614344823,0.007274677960346599,0.00505598273237378,0.005098573960505055
2021-03-04,0.012738172758623401,0.011912191867377686,-0.001286651566197344,-0.0023410301374685513
2021-03-05,-0.004386955215404758,-0.006434264600406749,-0.010384118931590745,-0.00914872979503855
2021-03-08,0.00266221184066635,0.005154542568863192,-0.012219672084068085,-0.0018232946671765285
2021-03-09,-0.018196411714631,-0.028501288381237798,-0.009848622931651226,-0.015173901364469741
2021-03-10,-0.010040352863806756,-0.009515911599613838,-0.03866321680990742,-0.009722481935915798
2021-03-11,-0.001229135194936724,-0.01095440180218429,0.007314578656811113,-0.015377478404757413
2021-03-12,0.005218193899078781,8.129508838291763e-06,0.0022866376441269395,0.009294072687940077
2021-03-15,0.00443870958043778,0.002434718685625121,0.008089329886509344,-0.003484700535880618
2021-03-16,-0.0023847989845103674,-0.0005866485332617494,0.0008106092052144079,-0.00028762125927790996
2021-03-17,-0.002215414229630558,-0.00575036549707845,0.007885556083657666,-0.012190117755894795
2021-03-18,4.185679655518797e-05,0.002661475464019752,-0.008547742378802363,0.0027308251771196914
2021-03-19,0.011754726486508212,0.009255522230519689,0.03431879759128717,0.014510859861446127
2021-03-22,0.00825140070987293,0.006864538111660532,0.008845712279123374,0.005494730452777665
2021-03-23,-0.0044597785102411126,-0.0026873495284647194,-0.0006268091071213026,-0.008193563417730398
2021-03-24,0.01890325743660613,0.017148303669156047,0.017700759504845703,0.056547081244768684
2021-03-25,0.004002560037871488,0.015831477931211875,-0.009762968966600599,0.010576578274118929
2021-03-26,0.0003086456375676278,0.0002747187325036454,0.004702953523289541,-0.0014710460678994432
2021-03-29,0.00033062634124725993,0.004118150600456449,-0.015641273869622135,0.008302291295335341
2021-03-30,0.0009022402093547897,-0.0017831220240789375,0.013190811816861554,0.006869141284044348
2021-03-31,-5.802257690253488e-05,0.00534774036213019,-0.020785229947141895,0.01576877122983625
2021-04-01,0.012023249963431522,0.016493647318780058,0.009114791664905841,0.013002491691259693
2021-04-02,-0.00484659067420251,-0.00485463369988466,-0.0006477817563817706,-0.010243654185923821
2021-04-05,0.0008882526874232112,0.003617938436157196,-0.009466086155830292,-0.00860988578689081
2021-04-06,0.004333999029719957,0.0037536157416983617,0.024041037875113636,0.00370295110297248
2021-04-07,0.004186241987010555,-0.006434746679627161,-0.015074469495251312,-0.011737786732498489
2021-04-08,-0.00244209647707077,0.0038649173888942174,-0.001651689006045772,-0.006862371200846188
2021-04-09,0.0038255343178348927,0.0008464686934057399,0.013206811395205445,-0.008998146391205107
2021-04-12,0.003102349654060239,-0.005541386027435056,-0.01725662364550587,-0.013819618720352011
2021-04-13,-0.003876487537015438,0.0006334383656710759,-0.00430814392466552,-0.010062881013819929
2021-04-14,-0.005567980170108352,-0.002681435036560008,-0.0030017739142845726,-0.02105154283341285
2021-04-15,-0.001191566881920761,0.002342086039596192,0.0034450437722955175,0.018514935426865213
2021-04-16,-0.0002680999798565458,-0.009419925313692037,-0.02167956048912547,-0.014555856199405198
2021-04-19,0.0006419115453666102,-0.004919956855696966,-0.0048383426325339035,0.008093305590748312
2021-04-20,0.010083326197678988,0.008292681096669684,0.007609754816832546,0.003328421498380963
2021-04-21,-0.0006754746286789443,0.000920963848649286,0.0317913527492358,-0.0044724945095164035
2021-04-22,-0.004033597941504646,-0.002378384219077731,-0.009080199285157053,0.002936138037858035
2021-04-23,0.0017205342729528328,0.007868867525446053,0.012097869912221958,0.0040448796844754975
2021-04-26,-0.005283938686235072,0.00120809281283468,-0.0016043267662543357,0.010189266825711613
2021-04-27,-0.005966708327513956,-0.0026434281824961998,-0.004211494558457297,-0.00844197725495038
2021-04-28,-0.00651930844455593,-0.007303043162966298,-0.018540224267880635,-0.011598209151601603
2021-04-29,0.007011302201830346,0.003888368011938444,0.010677917695590374,0.01623364186273156
2021-04-30,0.0055900933433997435,0.0028262939525448053,0.008869878022847243,-0.011506459839989741
2021-05-03,-0.007712045404756787,-0.014354496213470156,-0.018221935176085075,-0.0025857071549074875
2021-05-04,0.006123241206595077,0.007648495266248171,-0.002579110636866243,0.00464401491056588
2021-05-05,0.001776817967644416,-0.009368039840018938,-0.02118028637268771,-0.0040653867800053475
2021-05-06,0.012043747920910512,0.008565006534100696,0.0018257418904151779,0.009573958954156483
2021-05-07,-0.0038868025185576378,-0.0007415437640761978,0.007036655708812263,-0.0034369369549321236
2021-05-10,0.0020374975754935804,0.0034094408741000295,-0.005224111698936853,-0.004374768885943769
2021-05-11,0.00821502693203599,0.010849416763046104,0.007792611270574052,0.021255002665603782
2021-05-12,-0.001594784136333578,-0.002685080937229382,-0.0195455926554,0.008153854608209362
2021-05-13,0.0036831262985325018,-0.0028407621800010463,0.00874051580705072,-0.0062071490103468695
2021-05-14,0.006330368668845898,0.009474949480658624,0.008918677770392028,-0.0034780405698315612
2021-05-17,0.0005560922324162449,0.0057334564330081585,-0.012624478496145477,-0.02380141964417825
2021-05-18,0.007165676876601703,0.0007057731345400369,0.007613656500056377,0.0024952749445334346
2021-05-19,0.009484623043715971,-0.00012941455400202959,-0.0010712088914908748,0.021380810829180356
2021-05-20,-0.0027631185606517353,0.0049284267923355414,-0.005835948533338995,-0.000370777072944143
2021-05-21,0.008091332233669576,0.008478951600301092,0.01447368747956711,0.01697947705349026
2021-05-24,-0.008321915478392934,-0.002181884862537004,-0.009132745170453892,-0.019456863228705563
2021-05-25,0.006940026906868419,0.006740704220721699,0.013205897694740648,0.010666847664091988
2021-05-26,0.015432295858547116,0.01071104488155445,0.025394760818210654,0.01049425199419063
2021-05-27,-0.0012236689134778194,-0.003757826133502748,0.0015491710133798868,0.009998283383927638
2021-05-28,0.008915161943781044,0.010038152111090548,0.015241874394577921,0.02163196601703092
2021-05-31,-0.0027334358168512093,-0.01534112378250028,-0.014198223430251747,0.0030032108677424734
2021-06-01,-0.00537281764584082,-0.014845209989135896,-0.009018909147510358,0.01666068623537542
2021-06-02,0.006481599952983955,0.0017076892188550856,-0.006112748861043369,0.012178042020039803
2021-06-03,0.007312996796412794,0.01059368191261844,0.012101862314927887,0.01079201607104784
2021-06-04,0.001468677216837635,-0.002467453080709634,5.7885433589375916e-05,-0.007973553037709061
2021-06-07,-0.0004917151032989798,0.005137749059841707,0.01390271313366479,-0.00686878117572515
2021-06-08,0.0017069759817500544,0.0048675447080749135,0.0018052741687407618,0.0052939030553668795
2021-06-09,-0.003477322554109351,-0.01656981197272879,-0.014353519577225493,-0.022191584038261374
2021-06-10,-0.005714125221450047,0.003831605973810489,-0.010504989324751777,-0.010498848919233857
2021-06-11,-0.01806902341965241,-0.025346648159183992,-0.025582441821852597,-0.0406396350058279
2021-06-14,-0.0013571118234437084,0.0021567741354435502,0.007883971449559659,-0.00568866289397937
2021-06-15,0.005988858478423,0.011466042964774138,0.00431144990385725,0.006964190365387615
2021-06-16,-0.002040173274095442,6.463038858117709e-05,0.006269366020247626,-0.01852293029404139
2021-06-17,-0.013548168681186218,-0.017229057803550926,-0.013349849334913825,-0.0168198688786963
2021-06-18,-0.002821715500430901,0.0023340788511637097,-0.0022539404990869977,0.011545622154596138
2021-06-21,0.00890809187789318,0.012132874017731882,0.015953784622785083,0.000999153474544004
2021-06-22,0.0014359667863444018,0.007209703904793566,-0.0041487774568923445,-0.014034789515985725
2021-06-23,-0.0005937808165401722,0.001663398769248683,0.003513658335200599,-0.002899754574664282
2021-06-24,0.005418751020528846,0.014171981990674988,0.012178243541222891,0.010144338688184165
2021-06-25,-0.0010286137389766347,0.005528429078433313,0.0073033264034137,0.009289588761371991
2021-06-28,0.005997576566927933,0.0011879152133547292,0.009357769854337073,0.007866420797859996
2021-06-29,0.010199034426212492,0.0036730698046894814,-0.006515412572868969,-0.00024308388653476384
2021-06-30,-0.0006287173311418223,0.0018375295834439065,-0.006102996355448316,0.008964352440084799
2021-07-01,0.0009285160075235685,-0.006116712254177899,0.0018866803067461267,-0.0007175020757420195
2021-07-02,0.02059138383310421,0.028879469709466265,0.029004480482933526,0.04782527315065505
2021-07-05,-0.00010897574231417658,-0.007271190562896438,-0.010073374986946083,0.009661116137736368
2021-07-06,0.00299708664732443,-0.003664938364612128,-0.0013033037145629154,0.005305818620926552
2021-07-07,0.012318330273388597,0.015057657428350791,0.012421938379410025,0.039101732875459386
2021-07-08,-0.0045187246823446235,-0.0036046870442278224,-0.021050901106752288,-0.0196353887359367
2021-07-09,-0.022586347207693258,-0.014430910725617595,-0.03024878976888417,-0.022028553686261797
2021-07-12,0.010065356329586158,0.005954447328646864,0.0022326234156979834,0.004136324803899744
2021-07-13,0.004041874692896413,0.004758755907298231,-0.003563521412698261,0.011181379710599099
2021-07-14,6.111428520793206e-05,0.0010612262526967149,-0.00881938728595989,0.011775375658940504
2021-07-15,-0.007527409536497945,-0.01947363513894978,-0.015461099603705956,-0.0034652535326673214
2021-07-16,0.004452574402648814,0.006623382564307309,0.004152615318859487,0.01850681207196593
2021-07-19,0.004105781006153617,0.008966374418497706,-0.0014904360445402425,-0.001870737213717594
2021-07-20,-0.006839052533680739,-0.016262703980697082,-0.008498786515441198,-0.017513824808190356
2021-07-21,0.0015985073218552771,0.004658592192380438,0.004053640043598554,0.004878009045124381
2021-07-22,0.0034150005305683844,0.015601131798752282,0.004986000551834787,-0.008809439955464357
2021-07-23,0.013631337409110485,0.008736835104144082,0.013058659602643782,0.0070476631202886775
2021-07-26,0.0037453967504149374,0.006981351705292687,0.002654523260918844,0.0007695071356890286
2021-07-27,-0.007046460387368168,0.01005342713775154,0.0018620511809703294,0.02073450656797706
2021-07-28,0.004577755725067873,0.0006225692601894064,0.0009589328660056973,0.012673860662562054
2021-07-29,-0.006431400552654031,-0.006168178174735342,0.003434830777493416,-0.009664298945536344
2021-07-30,-0.006014671684166278,-0.016357631090257264,-0.014352818116454738,-0.006842267054104628
2021-08-02,-0.015089715956928451,-0.0030587706854115475,-0.014596455773272664,0.0037005351595166026
2021-08-03,0.00392596044306501,-0.001560584533662979,0.001547675748074679,-0.0018655278105751951
2021-08-04,-0.005789278612119947,-0.010281692476205587,-0.015738346970317233,-0.00965008875330027
2021-08-05,0.003555418282842311,0.005072395469011167,-0.019369478142825722,0.00711962548348098
2021-08-06,0.001665297463873258,0.007178655425624397,0.0007001434470903806,0.006976595907024027
2021-08-09,-0.0007580002473207947,0.000986535779085834,0.007763723748264366,-0.011780837898827312
2021-08-10,0.01598808025454591,0.03733449461534554,0.029611012373062264,0.023196469049672003
